"filename","label"
"578982906.mp4","negative"
"578984029.mp4","negative"
"595062722.mp4","negative"
"595063041.mp4","negative"
"595066445.mp4","negative"
"595080869.mp4","negative"
"595082184.mp4","neutral"
"595093693.mp4","positive"
"595093892.mp4","positive"
"595093948.mp4","neutral"
"595111350.mp4","negative"
"595157587.mp4","negative"
"595161508.mp4","positive"
"595171526.mp4","negative"
"595179947.mp4","negative"
"595195666.mp4","negative"
"595197775.mp4","negative"
"595216633.mp4","negative"
"595217088.mp4","negative"
"595237028.mp4","positive"
"595238410.mp4","positive"
"595247986.mp4","negative"
"595255635.mp4","negative"
"595256290.mp4","negative"
